,total,data,pde
0,0.9035860297033342,0.8862090621964406,0.01737696884675504
1,0.8182391794051154,0.8088831225694236,0.009356056121414748
2,0.8126012348522574,0.8053007384478036,0.007300497165297047
3,0.8102989879705138,0.8041345181101459,0.006164469410097069
4,0.8092536531262479,0.8039022769968388,0.005351376116978225
